Username,Password,Email
monika_haas,pass123,monika_haas@example.com
stefanie_steiner,pass123,stefanie_steiner@example.com
emma_hofbauer,pass123,emma_hofbauer@example.com
lena_hofmann,pass123,lena_hofmann@example.com
sarah_schwarz,pass123,sarah_schwarz@example.com
andreas_weber,pass123,andreas_weber@example.com
marie_mayer,pass123,marie_mayer@example.com
sarah_novak,pass123,sarah_novak@example.com
sarah_huber,pass123,sarah_huber@example.com
patrick_huber,pass123,patrick_huber@example.com
katharina_wolf,pass123,katharina_wolf@example.com
priya_patel,pass123,priya_patel@example.com
zeynep_koç,pass123,zeynep_koç@example.com
max_reiter,pass123,max_reiter@example.com
markus_bauer,pass123,markus_bauer@example.com
theresa_winter,pass123,theresa_winter@example.com
alice_davis,pass123,alice_davis@example.com
julia_schmid,pass123,julia_schmid@example.com
ivan_kovačić,pass123,ivan_kovačić@example.com
felix_wagner,pass123,felix_wagner@example.com
theresa_wallner,pass123,theresa_wallner@example.com
andreas_bauer,pass123,andreas_bauer@example.com
stefan_jovanović,pass123,stefan_jovanović@example.com
ahmed_hassan,pass123,ahmed_hassan@example.com
christina_neumann,pass123,christina_neumann@example.com
jonas_hofbauer,pass123,jonas_hofbauer@example.com
sabine_wagner,pass123,sabine_wagner@example.com
james_smith,pass123,james_smith@example.com
sophie_martin,pass123,sophie_martin@example.com
felix_martinez,pass123,felix_martinez@example.com
charlotte_hoffmann,pass123,charlotte_hoffmann@example.com
victoria_brenner,pass123,victoria_brenner@example.com
simon_wallner,pass123,simon_wallner@example.com
lena_pichler,pass123,lena_pichler@example.com
martin_eder,pass123,martin_eder@example.com
david_schmidt,pass123,david_schmidt@example.com
nikolaus_moser,pass123,nikolaus_moser@example.com
sebastian_schuster,pass123,sebastian_schuster@example.com
raj_sharma,pass123,raj_sharma@example.com
patrick_schmidt,pass123,patrick_schmidt@example.com
monika_braun,pass123,monika_braun@example.com
nina_wagner,pass123,nina_wagner@example.com
maximilian_martinez,pass123,maximilian_martinez@example.com
johannes_novak,pass123,johannes_novak@example.com
philipp_schwarz,pass123,philipp_schwarz@example.com
julia_hofmann,pass123,julia_hofmann@example.com
yuki_suzuki,pass123,yuki_suzuki@example.com
leila_mahmoud,pass123,leila_mahmoud@example.com
stefan_kovacs,pass123,stefan_kovacs@example.com
laura_berger,pass123,laura_berger@example.com
laura_wolf,pass123,laura_wolf@example.com
nikolaus_hofbauer,pass123,nikolaus_hofbauer@example.com
emma_johnson,pass123,emma_johnson@example.com
josip_horvat,pass123,josip_horvat@example.com
theresa_santos,pass123,theresa_santos@example.com
lukas_wieser,pass123,lukas_wieser@example.com
michael_wieser,pass123,michael_wieser@example.com
philipp_wagner,pass123,philipp_wagner@example.com
laura_maier,pass123,laura_maier@example.com
peter_haas,pass123,peter_haas@example.com
tobias_wolf,pass123,tobias_wolf@example.com
maria_braun,pass123,maria_braun@example.com
max_berger,pass123,max_berger@example.com
ana_popović,pass123,ana_popović@example.com
marija_novak,pass123,marija_novak@example.com
andreas_berger,pass123,andreas_berger@example.com
takashi_tanaka,pass123,takashi_tanaka@example.com
birgit_silva,pass123,birgit_silva@example.com
maria_fischer,pass123,maria_fischer@example.com
benjamin_koch,pass123,benjamin_koch@example.com
milan_stanković,pass123,milan_stanković@example.com
maximilian_ricci,pass123,maximilian_ricci@example.com
tobias_wallner,pass123,tobias_wallner@example.com
julia_reiter,pass123,julia_reiter@example.com
sophie_mayer,pass123,sophie_mayer@example.com
patrick_bauer,pass123,patrick_bauer@example.com
arjun_singh,pass123,arjun_singh@example.com
benjamin_müller,pass123,benjamin_müller@example.com
lucas_garcia,pass123,lucas_garcia@example.com
marie_ricci,pass123,marie_ricci@example.com
wei_wang,pass123,wei_wang@example.com
ali_yılmaz,pass123,ali_yılmaz@example.com
omar_khalil,pass123,omar_khalil@example.com
mehmet_çelik,pass123,mehmet_çelik@example.com
jin_zhang,pass123,jin_zhang@example.com
julia_silva,pass123,julia_silva@example.com
monika_wallner,pass123,monika_wallner@example.com
andreas_hofer,pass123,andreas_hofer@example.com
daniel_winter,pass123,daniel_winter@example.com
jakob_winter,pass123,jakob_winter@example.com
florian_koch,pass123,florian_koch@example.com
david_winkler,pass123,david_winkler@example.com
theresa_maier,pass123,theresa_maier@example.com
david_santos,pass123,david_santos@example.com
hyun_kim,pass123,hyun_kim@example.com
sabine_moser,pass123,sabine_moser@example.com
victoria_ricci,pass123,victoria_ricci@example.com
stefan_winkler,pass123,stefan_winkler@example.com
jakob_pichler,pass123,jakob_pichler@example.com
benjamin_moser,pass123,benjamin_moser@example.com
simon_ferrari,pass123,simon_ferrari@example.com
ji-woo_park,pass123,ji-woo_park@example.com
elisabeth_weber,pass123,elisabeth_weber@example.com
jakob_brenner,pass123,jakob_brenner@example.com
sabine_hofmann,pass123,sabine_hofmann@example.com
michael_ferrari,pass123,michael_ferrari@example.com
victoria_hofmann,pass123,victoria_hofmann@example.com
sabine_pichler,pass123,sabine_pichler@example.com
paul_ferrari,pass123,paul_ferrari@example.com
patrick_mayer,pass123,patrick_mayer@example.com
yasmin_el-said,pass123,yasmin_el-said@example.com
min_li,pass123,min_li@example.com
alexander_martinez,pass123,alexander_martinez@example.com
valentina_santos,pass123,valentina_santos@example.com
mei_chen,pass123,mei_chen@example.com
thomas_meyer,pass123,thomas_meyer@example.com
maria_marino,pass123,maria_marino@example.com
christina_moser,pass123,christina_moser@example.com
paul_pichler,pass123,paul_pichler@example.com
birgit_maier,pass123,birgit_maier@example.com
stefanie_winter,pass123,stefanie_winter@example.com
monika_müller,pass123,monika_müller@example.com
andreas_fischer,pass123,andreas_fischer@example.com
leo_wilson,pass123,leo_wilson@example.com
fatma_özdemir,pass123,fatma_özdemir@example.com
marie_schwarz,pass123,marie_schwarz@example.com
david_meyer,pass123,david_meyer@example.com
lukas_schneider,pass123,lukas_schneider@example.com
divya_kumar,pass123,divya_kumar@example.com
laura_fischer,pass123,laura_fischer@example.com
oliver_brown,pass123,oliver_brown@example.com
emma_hoffmann,pass123,emma_hoffmann@example.com
jonas_haas,pass123,jonas_haas@example.com
charlotte_williams,pass123,charlotte_williams@example.com
emma_wolf,pass123,emma_wolf@example.com
hannah_hofmann,pass123,hannah_hofmann@example.com
florian_wagner,pass123,florian_wagner@example.com
charlotte_lang,pass123,charlotte_lang@example.com
johannes_haas,pass123,johannes_haas@example.com
sophie_schneider,pass123,sophie_schneider@example.com
maximilian_hofbauer,pass123,maximilian_hofbauer@example.com
julia_ricci,pass123,julia_ricci@example.com
elena_dimitrov,pass123,elena_dimitrov@example.com
maria_hoffmann,pass123,maria_hoffmann@example.com
charlotte_brenner,pass123,charlotte_brenner@example.com
daniel_neumann,pass123,daniel_neumann@example.com
charlotte_hofbauer,pass123,charlotte_hofbauer@example.com
elisabeth_koch,pass123,elisabeth_koch@example.com
sophie_ferrari,pass123,sophie_ferrari@example.com
birgit_schmid,pass123,birgit_schmid@example.com
david_silva,pass123,david_silva@example.com
johannes_weber,pass123,johannes_weber@example.com
alexander_hofer,pass123,alexander_hofer@example.com
birgit_fischer,pass123,birgit_fischer@example.com
nina_petrović,pass123,nina_petrović@example.com
paul_steiner,pass123,paul_steiner@example.com
isabella_meyer,pass123,isabella_meyer@example.com
monika_martinez,pass123,monika_martinez@example.com
lukas_winter,pass123,lukas_winter@example.com
stefan_müller,pass123,stefan_müller@example.com
valentina_schmid,pass123,valentina_schmid@example.com
thomas_santos,pass123,thomas_santos@example.com
valentina_maier,pass123,valentina_maier@example.com
andreas_gruber,pass123,andreas_gruber@example.com
johannes_maier,pass123,johannes_maier@example.com
sebastian_winter,pass123,sebastian_winter@example.com
tobias_hoffmann,pass123,tobias_hoffmann@example.com
johannes_berger,pass123,johannes_berger@example.com
christina_schneider,pass123,christina_schneider@example.com
thomas_richter,pass123,thomas_richter@example.com
charlotte_schuster,pass123,charlotte_schuster@example.com
charlotte_wallner,pass123,charlotte_wallner@example.com
nikolaus_wolf,pass123,nikolaus_wolf@example.com
sophie_winkler,pass123,sophie_winkler@example.com
katharina_fischer,pass123,katharina_fischer@example.com
elisabeth_schmid,pass123,elisabeth_schmid@example.com
andreas_lang,pass123,andreas_lang@example.com
julia_steiner,pass123,julia_steiner@example.com
julia_fischer,pass123,julia_fischer@example.com
benjamin_wagner,pass123,benjamin_wagner@example.com
markus_winkler,pass123,markus_winkler@example.com
laura_schmidt,pass123,laura_schmidt@example.com
martin_winkler,pass123,martin_winkler@example.com
laura_bauer,pass123,laura_bauer@example.com
johannes_müller,pass123,johannes_müller@example.com
sebastian_martinez,pass123,sebastian_martinez@example.com
elisabeth_wolf,pass123,elisabeth_wolf@example.com
tobias_lang,pass123,tobias_lang@example.com
katharina_baumgartner,pass123,katharina_baumgartner@example.com
sabine_meyer,pass123,sabine_meyer@example.com
max_novak,pass123,max_novak@example.com
philipp_wallner,pass123,philipp_wallner@example.com
elisabeth_gruber,pass123,elisabeth_gruber@example.com
hannah_weber,pass123,hannah_weber@example.com
maximilian_silva,pass123,maximilian_silva@example.com
valentina_gruber,pass123,valentina_gruber@example.com
paul_müller,pass123,paul_müller@example.com
maria_schmid,pass123,maria_schmid@example.com
benjamin_santos,pass123,benjamin_santos@example.com
johannes_zimmermann,pass123,johannes_zimmermann@example.com
katharina_huber,pass123,katharina_huber@example.com
christina_ferrari,pass123,christina_ferrari@example.com
sabine_bauer,pass123,sabine_bauer@example.com
david_brunner,pass123,david_brunner@example.com
lena_bauer,pass123,lena_bauer@example.com
daniel_silva,pass123,daniel_silva@example.com
lukas_braun,pass123,lukas_braun@example.com
andreas_schuster,pass123,andreas_schuster@example.com
julia_moser,pass123,julia_moser@example.com
laura_winkler,pass123,laura_winkler@example.com
stefanie_schuster,pass123,stefanie_schuster@example.com
nina_mayer,pass123,nina_mayer@example.com
david_meyer1,pass123,david_meyer1@example.com
tobias_richter,pass123,tobias_richter@example.com
andreas_lehner,pass123,andreas_lehner@example.com
patrick_wolf,pass123,patrick_wolf@example.com
maximilian_maier,pass123,maximilian_maier@example.com
alexander_maier,pass123,alexander_maier@example.com
isabella_reiter,pass123,isabella_reiter@example.com
isabella_brenner,pass123,isabella_brenner@example.com
peter_müller,pass123,peter_müller@example.com
max_brenner,pass123,max_brenner@example.com
nikolaus_brenner,pass123,nikolaus_brenner@example.com
julia_wallner,pass123,julia_wallner@example.com
tobias_schmidt,pass123,tobias_schmidt@example.com
florian_baumgartner,pass123,florian_baumgartner@example.com
johannes_hofmann,pass123,johannes_hofmann@example.com
andreas_meyer,pass123,andreas_meyer@example.com
hannah_pichler,pass123,hannah_pichler@example.com
patrick_martinez,pass123,patrick_martinez@example.com
david_wieser,pass123,david_wieser@example.com
lukas_kovacs,pass123,lukas_kovacs@example.com
victoria_kovacs,pass123,victoria_kovacs@example.com
max_schneider,pass123,max_schneider@example.com
stefanie_bauer,pass123,stefanie_bauer@example.com
benjamin_wagner1,pass123,benjamin_wagner1@example.com
johannes_marino,pass123,johannes_marino@example.com
max_wagner,pass123,max_wagner@example.com
sophie_wieser,pass123,sophie_wieser@example.com
patrick_hofbauer,pass123,patrick_hofbauer@example.com
stefan_schwarz,pass123,stefan_schwarz@example.com
tobias_pichler,pass123,tobias_pichler@example.com
emma_hofbauer1,pass123,emma_hofbauer1@example.com
theresa_haas,pass123,theresa_haas@example.com
lena_ferrari,pass123,lena_ferrari@example.com
markus_fischer,pass123,markus_fischer@example.com
david_hofmann,pass123,david_hofmann@example.com
isabella_lehner,pass123,isabella_lehner@example.com
anna_brunner,pass123,anna_brunner@example.com
christina_silva,pass123,christina_silva@example.com
daniel_hofbauer,pass123,daniel_hofbauer@example.com
nina_schmidt,pass123,nina_schmidt@example.com
felix_schneider,pass123,felix_schneider@example.com
julia_meyer,pass123,julia_meyer@example.com
sabine_baumgartner,pass123,sabine_baumgartner@example.com
lukas_kovacs1,pass123,lukas_kovacs1@example.com
david_brunner1,pass123,david_brunner1@example.com
nina_wagner1,pass123,nina_wagner1@example.com
katharina_eder,pass123,katharina_eder@example.com
sarah_reiter,pass123,sarah_reiter@example.com
philipp_richter,pass123,philipp_richter@example.com
anna_koch,pass123,anna_koch@example.com
theresa_müller,pass123,theresa_müller@example.com
jonas_schmidt,pass123,jonas_schmidt@example.com
felix_braun,pass123,felix_braun@example.com
florian_haas,pass123,florian_haas@example.com
sebastian_hofer,pass123,sebastian_hofer@example.com
laura_berger1,pass123,laura_berger1@example.com
christina_kovacs,pass123,christina_kovacs@example.com
peter_wallner,pass123,peter_wallner@example.com
anna_brenner,pass123,anna_brenner@example.com
daniel_schmidt,pass123,daniel_schmidt@example.com
nikolaus_wagner,pass123,nikolaus_wagner@example.com
monika_wolf,pass123,monika_wolf@example.com
lukas_schneider1,pass123,lukas_schneider1@example.com
tobias_hofer,pass123,tobias_hofer@example.com
michael_santos,pass123,michael_santos@example.com
paul_lang,pass123,paul_lang@example.com
jakob_bauer,pass123,jakob_bauer@example.com
alexander_marino,pass123,alexander_marino@example.com
johannes_santos,pass123,johannes_santos@example.com
stefanie_berger,pass123,stefanie_berger@example.com
julia_santos,pass123,julia_santos@example.com
stefan_hofbauer,pass123,stefan_hofbauer@example.com
simon_reiter,pass123,simon_reiter@example.com
tobias_kovacs,pass123,tobias_kovacs@example.com
nina_mayer1,pass123,nina_mayer1@example.com
max_koch,pass123,max_koch@example.com
christian_gruber,pass123,christian_gruber@example.com
andreas_schmidt,pass123,andreas_schmidt@example.com
michael_steiner,pass123,michael_steiner@example.com
stefan_steiner,pass123,stefan_steiner@example.com
alexander_baumgartner,pass123,alexander_baumgartner@example.com
monika_novak,pass123,monika_novak@example.com
florian_schuster,pass123,florian_schuster@example.com
tobias_baumgartner,pass123,tobias_baumgartner@example.com
birgit_wieser,pass123,birgit_wieser@example.com
peter_baumgartner,pass123,peter_baumgartner@example.com
paul_weber,pass123,paul_weber@example.com
victoria_braun,pass123,victoria_braun@example.com
elisabeth_novak,pass123,elisabeth_novak@example.com
andreas_koch,pass123,andreas_koch@example.com
lena_hofer,pass123,lena_hofer@example.com
emma_moser,pass123,emma_moser@example.com
hannah_weber1,pass123,hannah_weber1@example.com
lena_wallner,pass123,lena_wallner@example.com
nikolaus_moser1,pass123,nikolaus_moser1@example.com
stefanie_reiter,pass123,stefanie_reiter@example.com
sabine_brenner,pass123,sabine_brenner@example.com
patrick_weber,pass123,patrick_weber@example.com
valentina_berger,pass123,valentina_berger@example.com
julia_kovacs,pass123,julia_kovacs@example.com
florian_schneider,pass123,florian_schneider@example.com
elisabeth_santos,pass123,elisabeth_santos@example.com
jakob_hoffmann,pass123,jakob_hoffmann@example.com
patrick_schwarz,pass123,patrick_schwarz@example.com
alexander_hofbauer,pass123,alexander_hofbauer@example.com
lena_fischer,pass123,lena_fischer@example.com
nikolaus_huber,pass123,nikolaus_huber@example.com
jonas_mayer,pass123,jonas_mayer@example.com
monika_hofmann,pass123,monika_hofmann@example.com
philipp_wieser,pass123,philipp_wieser@example.com
nikolaus_santos,pass123,nikolaus_santos@example.com
alexander_martinez1,pass123,alexander_martinez1@example.com
thomas_moser,pass123,thomas_moser@example.com
theresa_martinez,pass123,theresa_martinez@example.com
stefanie_wallner,pass123,stefanie_wallner@example.com
maria_fischer1,pass123,maria_fischer1@example.com
anna_schwarz,pass123,anna_schwarz@example.com
stefan_fischer,pass123,stefan_fischer@example.com
isabella_maier,pass123,isabella_maier@example.com
alexander_pichler,pass123,alexander_pichler@example.com
isabella_novak,pass123,isabella_novak@example.com
andreas_ricci,pass123,andreas_ricci@example.com
maria_santos,pass123,maria_santos@example.com
isabella_haas,pass123,isabella_haas@example.com
martin_lehner,pass123,martin_lehner@example.com
stefanie_ferrari,pass123,stefanie_ferrari@example.com
sophie_wagner,pass123,sophie_wagner@example.com
patrick_müller,pass123,patrick_müller@example.com
julia_baumgartner,pass123,julia_baumgartner@example.com
monika_schwarz,pass123,monika_schwarz@example.com
stefanie_neumann,pass123,stefanie_neumann@example.com
hannah_wagner,pass123,hannah_wagner@example.com
tobias_ricci,pass123,tobias_ricci@example.com
lukas_meyer,pass123,lukas_meyer@example.com
hannah_baumgartner,pass123,hannah_baumgartner@example.com
jakob_richter,pass123,jakob_richter@example.com
theresa_lehner,pass123,theresa_lehner@example.com
isabella_wieser,pass123,isabella_wieser@example.com
florian_schwarz,pass123,florian_schwarz@example.com
hannah_mayer,pass123,hannah_mayer@example.com
sarah_koch,pass123,sarah_koch@example.com
elisabeth_mayer,pass123,elisabeth_mayer@example.com
jonas_hoffmann,pass123,jonas_hoffmann@example.com
patrick_lehner,pass123,patrick_lehner@example.com
jakob_gruber,pass123,jakob_gruber@example.com
maria_schmidt,pass123,maria_schmidt@example.com
martin_winter,pass123,martin_winter@example.com
philipp_neumann,pass123,philipp_neumann@example.com
martin_steiner,pass123,martin_steiner@example.com
valentina_berger1,pass123,valentina_berger1@example.com
elisabeth_schwarz,pass123,elisabeth_schwarz@example.com
peter_silva,pass123,peter_silva@example.com
theresa_wagner,pass123,theresa_wagner@example.com
christina_winkler,pass123,christina_winkler@example.com
sarah_pichler,pass123,sarah_pichler@example.com
lena_reiter,pass123,lena_reiter@example.com
andreas_winkler,pass123,andreas_winkler@example.com
maximilian_haas,pass123,maximilian_haas@example.com
tobias_fischer,pass123,tobias_fischer@example.com
hannah_wolf,pass123,hannah_wolf@example.com
hannah_fischer,pass123,hannah_fischer@example.com
christina_winter,pass123,christina_winter@example.com
marie_hofbauer,pass123,marie_hofbauer@example.com
florian_fischer,pass123,florian_fischer@example.com
thomas_meyer1,pass123,thomas_meyer1@example.com
simon_hoffmann,pass123,simon_hoffmann@example.com
charlotte_winter,pass123,charlotte_winter@example.com
victoria_kovacs1,pass123,victoria_kovacs1@example.com
theresa_lehner1,pass123,theresa_lehner1@example.com
christina_marino,pass123,christina_marino@example.com
benjamin_santos1,pass123,benjamin_santos1@example.com
daniel_pichler,pass123,daniel_pichler@example.com
emma_bauer,pass123,emma_bauer@example.com
felix_lehner,pass123,felix_lehner@example.com
elisabeth_meyer,pass123,elisabeth_meyer@example.com
isabella_bauer,pass123,isabella_bauer@example.com
sabine_marino,pass123,sabine_marino@example.com
monika_baumgartner,pass123,monika_baumgartner@example.com
monika_pichler,pass123,monika_pichler@example.com
hannah_novak,pass123,hannah_novak@example.com
julia_marino,pass123,julia_marino@example.com
lena_brunner,pass123,lena_brunner@example.com
thomas_maier,pass123,thomas_maier@example.com
marie_gruber,pass123,marie_gruber@example.com
tobias_maier,pass123,tobias_maier@example.com
elisabeth_huber,pass123,elisabeth_huber@example.com
andreas_hofmann,pass123,andreas_hofmann@example.com
valentina_gruber1,pass123,valentina_gruber1@example.com
emma_schwarz,pass123,emma_schwarz@example.com
charlotte_schwarz,pass123,charlotte_schwarz@example.com
lena_wagner,pass123,lena_wagner@example.com
maximilian_zimmermann,pass123,maximilian_zimmermann@example.com
stefanie_kovacs,pass123,stefanie_kovacs@example.com
anna_schwarz1,pass123,anna_schwarz1@example.com
hannah_marino,pass123,hannah_marino@example.com
alexander_braun,pass123,alexander_braun@example.com
anna_bauer,pass123,anna_bauer@example.com
jonas_koch,pass123,jonas_koch@example.com
victoria_neumann,pass123,victoria_neumann@example.com
maria_neumann,pass123,maria_neumann@example.com
stefanie_ricci,pass123,stefanie_ricci@example.com
jonas_hofbauer1,pass123,jonas_hofbauer1@example.com
charlotte_novak,pass123,charlotte_novak@example.com
simon_wolf,pass123,simon_wolf@example.com
daniel_lehner,pass123,daniel_lehner@example.com
david_schmidt1,pass123,david_schmidt1@example.com
julia_brunner,pass123,julia_brunner@example.com
jonas_haas1,pass123,jonas_haas1@example.com
maria_lang,pass123,maria_lang@example.com
benjamin_wagner2,pass123,benjamin_wagner2@example.com
michael_winkler,pass123,michael_winkler@example.com
martin_bauer,pass123,martin_bauer@example.com
michael_hoffmann,pass123,michael_hoffmann@example.com
stefan_martinez,pass123,stefan_martinez@example.com
david_pichler,pass123,david_pichler@example.com
hannah_meyer,pass123,hannah_meyer@example.com
anna_lehner,pass123,anna_lehner@example.com
elisabeth_pichler,pass123,elisabeth_pichler@example.com
sarah_zimmermann,pass123,sarah_zimmermann@example.com
david_santos1,pass123,david_santos1@example.com
daniel_richter,pass123,daniel_richter@example.com
benjamin_marino,pass123,benjamin_marino@example.com
sebastian_schmid,pass123,sebastian_schmid@example.com
katharina_ricci,pass123,katharina_ricci@example.com
nikolaus_hofer,pass123,nikolaus_hofer@example.com
markus_silva,pass123,markus_silva@example.com
sabine_brenner1,pass123,sabine_brenner1@example.com
simon_hofbauer,pass123,simon_hofbauer@example.com
elisabeth_winkler,pass123,elisabeth_winkler@example.com
markus_wolf,pass123,markus_wolf@example.com
tobias_kovacs1,pass123,tobias_kovacs1@example.com
paul_santos,pass123,paul_santos@example.com
martin_wagner,pass123,martin_wagner@example.com
laura_brunner,pass123,laura_brunner@example.com
simon_hofmann,pass123,simon_hofmann@example.com
nikolaus_berger,pass123,nikolaus_berger@example.com
sophie_steiner,pass123,sophie_steiner@example.com
alexander_berger,pass123,alexander_berger@example.com
theresa_moser,pass123,theresa_moser@example.com
felix_hoffmann,pass123,felix_hoffmann@example.com
stefan_steiner1,pass123,stefan_steiner1@example.com
andreas_schwarz,pass123,andreas_schwarz@example.com
monika_eder,pass123,monika_eder@example.com
isabella_maier1,pass123,isabella_maier1@example.com
marie_novak,pass123,marie_novak@example.com
elisabeth_fischer,pass123,elisabeth_fischer@example.com
paul_mayer,pass123,paul_mayer@example.com
andreas_müller,pass123,andreas_müller@example.com
jonas_baumgartner,pass123,jonas_baumgartner@example.com
lena_schmidt,pass123,lena_schmidt@example.com
markus_schneider,pass123,markus_schneider@example.com
alexander_richter,pass123,alexander_richter@example.com
sabine_mayer,pass123,sabine_mayer@example.com
nikolaus_haas,pass123,nikolaus_haas@example.com
anna_winkler,pass123,anna_winkler@example.com
sebastian_baumgartner,pass123,sebastian_baumgartner@example.com
anna_schneider,pass123,anna_schneider@example.com
sabine_baumgartner1,pass123,sabine_baumgartner1@example.com
laura_lang,pass123,laura_lang@example.com
anna_hofmann,pass123,anna_hofmann@example.com
sabine_hofer,pass123,sabine_hofer@example.com
laura_silva,pass123,laura_silva@example.com
felix_koch,pass123,felix_koch@example.com
maximilian_fischer,pass123,maximilian_fischer@example.com
felix_richter,pass123,felix_richter@example.com
sarah_winter,pass123,sarah_winter@example.com
michael_brunner,pass123,michael_brunner@example.com
maximilian_neumann,pass123,maximilian_neumann@example.com
katharina_ferrari,pass123,katharina_ferrari@example.com
michael_brunner1,pass123,michael_brunner1@example.com
isabella_mayer,pass123,isabella_mayer@example.com
markus_steiner,pass123,markus_steiner@example.com
paul_pichler1,pass123,paul_pichler1@example.com
maximilian_hoffmann,pass123,maximilian_hoffmann@example.com
max_reiter1,pass123,max_reiter1@example.com
andreas_fischer1,pass123,andreas_fischer1@example.com
monika_santos,pass123,monika_santos@example.com
jonas_berger,pass123,jonas_berger@example.com
anna_eder,pass123,anna_eder@example.com
martin_hoffmann,pass123,martin_hoffmann@example.com
monika_müller1,pass123,monika_müller1@example.com
stefanie_lehner,pass123,stefanie_lehner@example.com
monika_wagner,pass123,monika_wagner@example.com
maria_lehner,pass123,maria_lehner@example.com
felix_ferrari,pass123,felix_ferrari@example.com
daniel_meyer,pass123,daniel_meyer@example.com
victoria_schmid,pass123,victoria_schmid@example.com
birgit_wolf,pass123,birgit_wolf@example.com
daniel_marino,pass123,daniel_marino@example.com
alexander_martinez2,pass123,alexander_martinez2@example.com
michael_winkler1,pass123,michael_winkler1@example.com
paul_müller1,pass123,paul_müller1@example.com
paul_moser,pass123,paul_moser@example.com
nikolaus_novak,pass123,nikolaus_novak@example.com
isabella_hofmann,pass123,isabella_hofmann@example.com
felix_silva,pass123,felix_silva@example.com
felix_müller,pass123,felix_müller@example.com
sarah_wagner,pass123,sarah_wagner@example.com
maximilian_lang,pass123,maximilian_lang@example.com
maria_baumgartner,pass123,maria_baumgartner@example.com
jonas_mayer1,pass123,jonas_mayer1@example.com
stefan_braun,pass123,stefan_braun@example.com
lena_müller,pass123,lena_müller@example.com
patrick_fischer,pass123,patrick_fischer@example.com
jonas_novak,pass123,jonas_novak@example.com
sabine_schneider,pass123,sabine_schneider@example.com
alexander_kovacs,pass123,alexander_kovacs@example.com
daniel_wagner,pass123,daniel_wagner@example.com
florian_reiter,pass123,florian_reiter@example.com
florian_zimmermann,pass123,florian_zimmermann@example.com
benjamin_wolf,pass123,benjamin_wolf@example.com
philipp_huber,pass123,philipp_huber@example.com
julia_brenner,pass123,julia_brenner@example.com
michael_mayer,pass123,michael_mayer@example.com
hannah_wagner1,pass123,hannah_wagner1@example.com
katharina_ricci1,pass123,katharina_ricci1@example.com
sebastian_maier,pass123,sebastian_maier@example.com
lukas_hofmann,pass123,lukas_hofmann@example.com
lena_schuster,pass123,lena_schuster@example.com
sarah_kovacs,pass123,sarah_kovacs@example.com
lena_zimmermann,pass123,lena_zimmermann@example.com
christina_wieser,pass123,christina_wieser@example.com
birgit_fischer1,pass123,birgit_fischer1@example.com
elisabeth_schwarz1,pass123,elisabeth_schwarz1@example.com
theresa_weber,pass123,theresa_weber@example.com
julia_berger,pass123,julia_berger@example.com
katharina_hoffmann,pass123,katharina_hoffmann@example.com
johannes_fischer,pass123,johannes_fischer@example.com
christina_lehner,pass123,christina_lehner@example.com
philipp_meyer,pass123,philipp_meyer@example.com
markus_schmidt,pass123,markus_schmidt@example.com
laura_schneider,pass123,laura_schneider@example.com
sabine_santos,pass123,sabine_santos@example.com
nikolaus_ferrari,pass123,nikolaus_ferrari@example.com
patrick_reiter,pass123,patrick_reiter@example.com
lukas_hofbauer,pass123,lukas_hofbauer@example.com
sophie_martinez,pass123,sophie_martinez@example.com
sebastian_zimmermann,pass123,sebastian_zimmermann@example.com
stefanie_lehner1,pass123,stefanie_lehner1@example.com
marie_lehner,pass123,marie_lehner@example.com
sophie_wagner1,pass123,sophie_wagner1@example.com
sarah_fischer,pass123,sarah_fischer@example.com
isabella_baumgartner,pass123,isabella_baumgartner@example.com
maximilian_novak,pass123,maximilian_novak@example.com
benjamin_winkler,pass123,benjamin_winkler@example.com
tobias_steiner,pass123,tobias_steiner@example.com
isabella_schmid,pass123,isabella_schmid@example.com
laura_ferrari,pass123,laura_ferrari@example.com
julia_brenner1,pass123,julia_brenner1@example.com
valentina_lehner,pass123,valentina_lehner@example.com
sarah_berger,pass123,sarah_berger@example.com
sophie_silva,pass123,sophie_silva@example.com
martin_hofer,pass123,martin_hofer@example.com
johannes_maier1,pass123,johannes_maier1@example.com
jakob_wolf,pass123,jakob_wolf@example.com
alexander_ferrari,pass123,alexander_ferrari@example.com
katharina_hofbauer,pass123,katharina_hofbauer@example.com
marie_kovacs,pass123,marie_kovacs@example.com
isabella_eder,pass123,isabella_eder@example.com
elisabeth_winkler1,pass123,elisabeth_winkler1@example.com
christian_maier,pass123,christian_maier@example.com
philipp_hoffmann,pass123,philipp_hoffmann@example.com
max_fischer,pass123,max_fischer@example.com
anna_haas,pass123,anna_haas@example.com
sabine_martinez,pass123,sabine_martinez@example.com
michael_bauer,pass123,michael_bauer@example.com
tobias_brenner,pass123,tobias_brenner@example.com
lena_brunner1,pass123,lena_brunner1@example.com
julia_hofer,pass123,julia_hofer@example.com
max_gruber,pass123,max_gruber@example.com
hannah_fischer1,pass123,hannah_fischer1@example.com
philipp_santos,pass123,philipp_santos@example.com
stefanie_schmidt,pass123,stefanie_schmidt@example.com
victoria_lang,pass123,victoria_lang@example.com
florian_kovacs,pass123,florian_kovacs@example.com
nikolaus_martinez,pass123,nikolaus_martinez@example.com
anna_ricci,pass123,anna_ricci@example.com
florian_weber,pass123,florian_weber@example.com
max_ferrari,pass123,max_ferrari@example.com
sabine_eder,pass123,sabine_eder@example.com
charlotte_gruber,pass123,charlotte_gruber@example.com
stefan_hofer,pass123,stefan_hofer@example.com
simon_wallner1,pass123,simon_wallner1@example.com
max_ricci,pass123,max_ricci@example.com
thomas_haas,pass123,thomas_haas@example.com
philipp_schuster,pass123,philipp_schuster@example.com
valentina_maier1,pass123,valentina_maier1@example.com
sebastian_haas,pass123,sebastian_haas@example.com
sebastian_reiter,pass123,sebastian_reiter@example.com
sebastian_haas1,pass123,sebastian_haas1@example.com
felix_braun1,pass123,felix_braun1@example.com
tobias_zimmermann,pass123,tobias_zimmermann@example.com
nikolaus_müller,pass123,nikolaus_müller@example.com
david_brenner,pass123,david_brenner@example.com
isabella_hofbauer,pass123,isabella_hofbauer@example.com
sebastian_pichler,pass123,sebastian_pichler@example.com
benjamin_meyer,pass123,benjamin_meyer@example.com
max_winkler,pass123,max_winkler@example.com
stefanie_neumann1,pass123,stefanie_neumann1@example.com
jonas_müller,pass123,jonas_müller@example.com
benjamin_neumann,pass123,benjamin_neumann@example.com
nikolaus_hofmann,pass123,nikolaus_hofmann@example.com
martin_hofbauer,pass123,martin_hofbauer@example.com
benjamin_winter,pass123,benjamin_winter@example.com
christina_braun,pass123,christina_braun@example.com
andreas_schuster1,pass123,andreas_schuster1@example.com
peter_mayer,pass123,peter_mayer@example.com
elisabeth_kovacs,pass123,elisabeth_kovacs@example.com
jonas_huber,pass123,jonas_huber@example.com
valentina_fischer,pass123,valentina_fischer@example.com
stefan_gruber,pass123,stefan_gruber@example.com
paul_wallner,pass123,paul_wallner@example.com
michael_moser,pass123,michael_moser@example.com
paul_haas,pass123,paul_haas@example.com
sabine_hofmann1,pass123,sabine_hofmann1@example.com
theresa_winkler,pass123,theresa_winkler@example.com
philipp_schmid,pass123,philipp_schmid@example.com
emma_lang,pass123,emma_lang@example.com
marie_bauer,pass123,marie_bauer@example.com
emma_brenner,pass123,emma_brenner@example.com
nikolaus_schwarz,pass123,nikolaus_schwarz@example.com
maximilian_novak1,pass123,maximilian_novak1@example.com
patrick_maier,pass123,patrick_maier@example.com
elisabeth_silva,pass123,elisabeth_silva@example.com
nina_koch,pass123,nina_koch@example.com
monika_fischer,pass123,monika_fischer@example.com
nina_ricci,pass123,nina_ricci@example.com
stefanie_schwarz,pass123,stefanie_schwarz@example.com
martin_müller,pass123,martin_müller@example.com
victoria_neumann1,pass123,victoria_neumann1@example.com
martin_brunner,pass123,martin_brunner@example.com
stefanie_santos,pass123,stefanie_santos@example.com
maximilian_zimmermann1,pass123,maximilian_zimmermann1@example.com
philipp_meyer1,pass123,philipp_meyer1@example.com
lena_lang,pass123,lena_lang@example.com
max_reiter2,pass123,max_reiter2@example.com
sabine_schmid,pass123,sabine_schmid@example.com
markus_hofbauer,pass123,markus_hofbauer@example.com
paul_weber1,pass123,paul_weber1@example.com
paul_ricci,pass123,paul_ricci@example.com
david_weber,pass123,david_weber@example.com
markus_gruber,pass123,markus_gruber@example.com
victoria_bauer,pass123,victoria_bauer@example.com
markus_huber,pass123,markus_huber@example.com
isabella_schmid1,pass123,isabella_schmid1@example.com
patrick_mayer1,pass123,patrick_mayer1@example.com
emma_zimmermann,pass123,emma_zimmermann@example.com
sarah_fischer1,pass123,sarah_fischer1@example.com
charlotte_moser,pass123,charlotte_moser@example.com
thomas_eder,pass123,thomas_eder@example.com
katharina_martinez,pass123,katharina_martinez@example.com
julia_ferrari,pass123,julia_ferrari@example.com
birgit_berger,pass123,birgit_berger@example.com
philipp_brunner,pass123,philipp_brunner@example.com
maria_pichler,pass123,maria_pichler@example.com
daniel_weber,pass123,daniel_weber@example.com
isabella_huber,pass123,isabella_huber@example.com
florian_eder,pass123,florian_eder@example.com
sophie_brunner,pass123,sophie_brunner@example.com
max_pichler,pass123,max_pichler@example.com
johannes_kovacs,pass123,johannes_kovacs@example.com
christina_fischer,pass123,christina_fischer@example.com
martin_silva,pass123,martin_silva@example.com
birgit_berger1,pass123,birgit_berger1@example.com
marie_richter,pass123,marie_richter@example.com
benjamin_wolf1,pass123,benjamin_wolf1@example.com
katharina_brenner,pass123,katharina_brenner@example.com
marie_berger,pass123,marie_berger@example.com
anna_hofbauer,pass123,anna_hofbauer@example.com
sophie_koch,pass123,sophie_koch@example.com
sebastian_winter1,pass123,sebastian_winter1@example.com
patrick_ricci,pass123,patrick_ricci@example.com
paul_hoffmann,pass123,paul_hoffmann@example.com
thomas_richter1,pass123,thomas_richter1@example.com
felix_eder,pass123,felix_eder@example.com
katharina_reiter,pass123,katharina_reiter@example.com
philipp_schneider,pass123,philipp_schneider@example.com
maria_lang1,pass123,maria_lang1@example.com
stefan_novak,pass123,stefan_novak@example.com
theresa_hofer,pass123,theresa_hofer@example.com
max_moser,pass123,max_moser@example.com
charlotte_schuster1,pass123,charlotte_schuster1@example.com
simon_pichler,pass123,simon_pichler@example.com
marie_mayer1,pass123,marie_mayer1@example.com
andreas_huber,pass123,andreas_huber@example.com
david_haas,pass123,david_haas@example.com
victoria_silva,pass123,victoria_silva@example.com
sarah_novak1,pass123,sarah_novak1@example.com
florian_ricci,pass123,florian_ricci@example.com
valentina_huber,pass123,valentina_huber@example.com
johannes_lehner,pass123,johannes_lehner@example.com
maximilian_novak2,pass123,maximilian_novak2@example.com
monika_hofbauer,pass123,monika_hofbauer@example.com
katharina_pichler,pass123,katharina_pichler@example.com
theresa_hofbauer,pass123,theresa_hofbauer@example.com
katharina_brenner1,pass123,katharina_brenner1@example.com
julia_mayer,pass123,julia_mayer@example.com
christina_silva1,pass123,christina_silva1@example.com
nikolaus_moser2,pass123,nikolaus_moser2@example.com
thomas_hofbauer,pass123,thomas_hofbauer@example.com
felix_brenner,pass123,felix_brenner@example.com
paul_richter,pass123,paul_richter@example.com
sebastian_hofmann,pass123,sebastian_hofmann@example.com
patrick_reiter1,pass123,patrick_reiter1@example.com
florian_santos,pass123,florian_santos@example.com
valentina_eder,pass123,valentina_eder@example.com
laura_fischer1,pass123,laura_fischer1@example.com
jakob_hofer,pass123,jakob_hofer@example.com
peter_winkler,pass123,peter_winkler@example.com
theresa_hofbauer1,pass123,theresa_hofbauer1@example.com
thomas_santos1,pass123,thomas_santos1@example.com
daniel_gruber,pass123,daniel_gruber@example.com
felix_steiner,pass123,felix_steiner@example.com
simon_fischer,pass123,simon_fischer@example.com
monika_hofbauer1,pass123,monika_hofbauer1@example.com
valentina_hoffmann,pass123,valentina_hoffmann@example.com
andreas_braun,pass123,andreas_braun@example.com
martin_santos,pass123,martin_santos@example.com
theresa_weber1,pass123,theresa_weber1@example.com
felix_hofbauer,pass123,felix_hofbauer@example.com
philipp_richter1,pass123,philipp_richter1@example.com
laura_wieser,pass123,laura_wieser@example.com
stefan_wieser,pass123,stefan_wieser@example.com
markus_marino,pass123,markus_marino@example.com
max_wieser,pass123,max_wieser@example.com
florian_pichler,pass123,florian_pichler@example.com
martin_novak,pass123,martin_novak@example.com
charlotte_müller,pass123,charlotte_müller@example.com
theresa_wagner1,pass123,theresa_wagner1@example.com
stefan_winkler1,pass123,stefan_winkler1@example.com
florian_pichler1,pass123,florian_pichler1@example.com
andreas_steiner,pass123,andreas_steiner@example.com
nina_brenner,pass123,nina_brenner@example.com
johannes_mayer,pass123,johannes_mayer@example.com
charlotte_brenner1,pass123,charlotte_brenner1@example.com
simon_huber,pass123,simon_huber@example.com
maximilian_wagner,pass123,maximilian_wagner@example.com
marie_zimmermann,pass123,marie_zimmermann@example.com
victoria_lehner,pass123,victoria_lehner@example.com
julia_wallner1,pass123,julia_wallner1@example.com
monika_steiner,pass123,monika_steiner@example.com
marie_bauer1,pass123,marie_bauer1@example.com
victoria_meyer,pass123,victoria_meyer@example.com
markus_müller,pass123,markus_müller@example.com
alexander_martinez3,pass123,alexander_martinez3@example.com
simon_martinez,pass123,simon_martinez@example.com
sabine_maier,pass123,sabine_maier@example.com
marie_winter,pass123,marie_winter@example.com
hannah_müller,pass123,hannah_müller@example.com
david_hoffmann,pass123,david_hoffmann@example.com
nikolaus_berger1,pass123,nikolaus_berger1@example.com
theresa_schmidt,pass123,theresa_schmidt@example.com
laura_brenner,pass123,laura_brenner@example.com
laura_martinez,pass123,laura_martinez@example.com
benjamin_hofer,pass123,benjamin_hofer@example.com
philipp_meyer2,pass123,philipp_meyer2@example.com
martin_winter1,pass123,martin_winter1@example.com
benjamin_richter,pass123,benjamin_richter@example.com
lena_winter,pass123,lena_winter@example.com
andreas_silva,pass123,andreas_silva@example.com
lena_maier,pass123,lena_maier@example.com
christina_silva2,pass123,christina_silva2@example.com
lena_brunner2,pass123,lena_brunner2@example.com
elisabeth_wagner,pass123,elisabeth_wagner@example.com
felix_fischer,pass123,felix_fischer@example.com
david_winter,pass123,david_winter@example.com
sophie_berger,pass123,sophie_berger@example.com
florian_brunner,pass123,florian_brunner@example.com
lena_wieser,pass123,lena_wieser@example.com
anna_hofer,pass123,anna_hofer@example.com
christina_schneider1,pass123,christina_schneider1@example.com
katharina_schneider,pass123,katharina_schneider@example.com
stefanie_schwarz1,pass123,stefanie_schwarz1@example.com
thomas_eder1,pass123,thomas_eder1@example.com
sarah_winter1,pass123,sarah_winter1@example.com
patrick_hoffmann,pass123,patrick_hoffmann@example.com
jakob_richter1,pass123,jakob_richter1@example.com
markus_kovacs,pass123,markus_kovacs@example.com
maximilian_lehner,pass123,maximilian_lehner@example.com
martin_mayer,pass123,martin_mayer@example.com
lukas_richter,pass123,lukas_richter@example.com
thomas_marino,pass123,thomas_marino@example.com
florian_fischer1,pass123,florian_fischer1@example.com
paul_santos1,pass123,paul_santos1@example.com
peter_lehner,pass123,peter_lehner@example.com
johannes_haas1,pass123,johannes_haas1@example.com
valentina_silva,pass123,valentina_silva@example.com
paul_winkler,pass123,paul_winkler@example.com
maximilian_müller,pass123,maximilian_müller@example.com
charlotte_wieser,pass123,charlotte_wieser@example.com
sebastian_wagner,pass123,sebastian_wagner@example.com
nina_neumann,pass123,nina_neumann@example.com
markus_moser,pass123,markus_moser@example.com
lena_wallner1,pass123,lena_wallner1@example.com
julia_wallner2,pass123,julia_wallner2@example.com
laura_ricci,pass123,laura_ricci@example.com
felix_braun2,pass123,felix_braun2@example.com
valentina_fischer1,pass123,valentina_fischer1@example.com
patrick_koch,pass123,patrick_koch@example.com
peter_lang,pass123,peter_lang@example.com
christina_wallner,pass123,christina_wallner@example.com
thomas_brenner,pass123,thomas_brenner@example.com
maria_schneider,pass123,maria_schneider@example.com
isabella_hofmann1,pass123,isabella_hofmann1@example.com
jakob_wieser,pass123,jakob_wieser@example.com
valentina_zimmermann,pass123,valentina_zimmermann@example.com
martin_schmid,pass123,martin_schmid@example.com
patrick_huber1,pass123,patrick_huber1@example.com
martin_baumgartner,pass123,martin_baumgartner@example.com
markus_brunner,pass123,markus_brunner@example.com
peter_wieser,pass123,peter_wieser@example.com
valentina_baumgartner,pass123,valentina_baumgartner@example.com
paul_gruber,pass123,paul_gruber@example.com
lukas_koch,pass123,lukas_koch@example.com
marie_zimmermann1,pass123,marie_zimmermann1@example.com
marie_pichler,pass123,marie_pichler@example.com
alexander_martinez4,pass123,alexander_martinez4@example.com
sarah_fischer2,pass123,sarah_fischer2@example.com
florian_santos1,pass123,florian_santos1@example.com
hannah_schmid,pass123,hannah_schmid@example.com
elisabeth_haas,pass123,elisabeth_haas@example.com
sophie_wieser1,pass123,sophie_wieser1@example.com
christian_koch,pass123,christian_koch@example.com
laura_wolf1,pass123,laura_wolf1@example.com
paul_steiner1,pass123,paul_steiner1@example.com
jakob_baumgartner,pass123,jakob_baumgartner@example.com
christina_neumann1,pass123,christina_neumann1@example.com
jakob_wagner,pass123,jakob_wagner@example.com
jonas_gruber,pass123,jonas_gruber@example.com
nina_hoffmann,pass123,nina_hoffmann@example.com
philipp_richter2,pass123,philipp_richter2@example.com
thomas_winkler,pass123,thomas_winkler@example.com
emma_lehner,pass123,emma_lehner@example.com
lukas_novak,pass123,lukas_novak@example.com
theresa_zimmermann,pass123,theresa_zimmermann@example.com
sarah_maier,pass123,sarah_maier@example.com
michael_brenner,pass123,michael_brenner@example.com
max_gruber1,pass123,max_gruber1@example.com
lukas_neumann,pass123,lukas_neumann@example.com
patrick_müller1,pass123,patrick_müller1@example.com
felix_santos,pass123,felix_santos@example.com
alexander_kovacs1,pass123,alexander_kovacs1@example.com
lukas_silva,pass123,lukas_silva@example.com
david_neumann,pass123,david_neumann@example.com
florian_schuster1,pass123,florian_schuster1@example.com
valentina_winkler,pass123,valentina_winkler@example.com
maximilian_schuster,pass123,maximilian_schuster@example.com
markus_pichler,pass123,markus_pichler@example.com
emma_wieser,pass123,emma_wieser@example.com
paul_martinez,pass123,paul_martinez@example.com
sarah_weber,pass123,sarah_weber@example.com
christian_braun,pass123,christian_braun@example.com
felix_baumgartner,pass123,felix_baumgartner@example.com
sabine_schmid1,pass123,sabine_schmid1@example.com
hannah_schwarz,pass123,hannah_schwarz@example.com
birgit_neumann,pass123,birgit_neumann@example.com
maria_baumgartner1,pass123,maria_baumgartner1@example.com
christina_schneider2,pass123,christina_schneider2@example.com
anna_wallner,pass123,anna_wallner@example.com
jonas_schmid,pass123,jonas_schmid@example.com
daniel_hoffmann,pass123,daniel_hoffmann@example.com
benjamin_bauer,pass123,benjamin_bauer@example.com
nikolaus_martinez1,pass123,nikolaus_martinez1@example.com
patrick_schneider,pass123,patrick_schneider@example.com
thomas_lehner,pass123,thomas_lehner@example.com
theresa_winkler1,pass123,theresa_winkler1@example.com
simon_bauer,pass123,simon_bauer@example.com
tobias_brenner1,pass123,tobias_brenner1@example.com
maximilian_moser,pass123,maximilian_moser@example.com
stefanie_haas,pass123,stefanie_haas@example.com
simon_müller,pass123,simon_müller@example.com
daniel_eder,pass123,daniel_eder@example.com
jonas_wagner,pass123,jonas_wagner@example.com
simon_hofmann1,pass123,simon_hofmann1@example.com
paul_winkler1,pass123,paul_winkler1@example.com
jonas_haas2,pass123,jonas_haas2@example.com
anna_berger,pass123,anna_berger@example.com
christian_winkler,pass123,christian_winkler@example.com
julia_santos1,pass123,julia_santos1@example.com
thomas_novak,pass123,thomas_novak@example.com
felix_lang,pass123,felix_lang@example.com
simon_wieser,pass123,simon_wieser@example.com
monika_winkler,pass123,monika_winkler@example.com
julia_wallner3,pass123,julia_wallner3@example.com
marie_pichler1,pass123,marie_pichler1@example.com
jakob_schmidt,pass123,jakob_schmidt@example.com
thomas_schneider,pass123,thomas_schneider@example.com
johannes_weber1,pass123,johannes_weber1@example.com
peter_martinez,pass123,peter_martinez@example.com
philipp_santos1,pass123,philipp_santos1@example.com
martin_pichler,pass123,martin_pichler@example.com
felix_santos1,pass123,felix_santos1@example.com
sophie_silva1,pass123,sophie_silva1@example.com
peter_schwarz,pass123,peter_schwarz@example.com
maria_martinez,pass123,maria_martinez@example.com
patrick_schmidt1,pass123,patrick_schmidt1@example.com
florian_kovacs1,pass123,florian_kovacs1@example.com
andreas_mayer,pass123,andreas_mayer@example.com
theresa_ricci,pass123,theresa_ricci@example.com
lukas_wieser1,pass123,lukas_wieser1@example.com
marie_silva,pass123,marie_silva@example.com
sebastian_winter2,pass123,sebastian_winter2@example.com
maximilian_müller1,pass123,maximilian_müller1@example.com
felix_maier,pass123,felix_maier@example.com
michael_ricci,pass123,michael_ricci@example.com
marie_koch,pass123,marie_koch@example.com
nikolaus_marino,pass123,nikolaus_marino@example.com
lukas_schneider2,pass123,lukas_schneider2@example.com
johannes_wolf,pass123,johannes_wolf@example.com
david_schmid,pass123,david_schmid@example.com
philipp_huber1,pass123,philipp_huber1@example.com
nina_marino,pass123,nina_marino@example.com
martin_wieser,pass123,martin_wieser@example.com
stefanie_hoffmann,pass123,stefanie_hoffmann@example.com
felix_braun3,pass123,felix_braun3@example.com
johannes_hoffmann,pass123,johannes_hoffmann@example.com
elisabeth_hofmann,pass123,elisabeth_hofmann@example.com
christina_hofer,pass123,christina_hofer@example.com
andreas_reiter,pass123,andreas_reiter@example.com
lena_huber,pass123,lena_huber@example.com
valentina_hofmann,pass123,valentina_hofmann@example.com
sarah_moser,pass123,sarah_moser@example.com
maria_meyer,pass123,maria_meyer@example.com
max_schuster,pass123,max_schuster@example.com
sophie_ferrari1,pass123,sophie_ferrari1@example.com
laura_ferrari1,pass123,laura_ferrari1@example.com
philipp_schmid1,pass123,philipp_schmid1@example.com
emma_müller,pass123,emma_müller@example.com
anna_wallner1,pass123,anna_wallner1@example.com
theresa_brunner,pass123,theresa_brunner@example.com
andreas_fischer2,pass123,andreas_fischer2@example.com
daniel_maier,pass123,daniel_maier@example.com
felix_hofer,pass123,felix_hofer@example.com
emma_hofmann,pass123,emma_hofmann@example.com
jakob_fischer,pass123,jakob_fischer@example.com
charlotte_hofbauer1,pass123,charlotte_hofbauer1@example.com
sabine_steiner,pass123,sabine_steiner@example.com
victoria_hofbauer,pass123,victoria_hofbauer@example.com
peter_pichler,pass123,peter_pichler@example.com
sophie_hoffmann,pass123,sophie_hoffmann@example.com
simon_brunner,pass123,simon_brunner@example.com
jonas_wieser,pass123,jonas_wieser@example.com
andreas_wallner,pass123,andreas_wallner@example.com
patrick_schneider1,pass123,patrick_schneider1@example.com
markus_fischer1,pass123,markus_fischer1@example.com
sabine_hoffmann,pass123,sabine_hoffmann@example.com
philipp_mayer,pass123,philipp_mayer@example.com
philipp_meyer3,pass123,philipp_meyer3@example.com
peter_baumgartner1,pass123,peter_baumgartner1@example.com
christian_eder,pass123,christian_eder@example.com
simon_meyer,pass123,simon_meyer@example.com
birgit_berger2,pass123,birgit_berger2@example.com
theresa_wieser,pass123,theresa_wieser@example.com
michael_meyer,pass123,michael_meyer@example.com
benjamin_fischer,pass123,benjamin_fischer@example.com
max_kovacs,pass123,max_kovacs@example.com
laura_pichler,pass123,laura_pichler@example.com
peter_hofer,pass123,peter_hofer@example.com
isabella_winter,pass123,isabella_winter@example.com
lena_wagner1,pass123,lena_wagner1@example.com
monika_hofbauer2,pass123,monika_hofbauer2@example.com
daniel_moser,pass123,daniel_moser@example.com
christina_reiter,pass123,christina_reiter@example.com
marie_wolf,pass123,marie_wolf@example.com
victoria_hoffmann,pass123,victoria_hoffmann@example.com
tobias_schneider,pass123,tobias_schneider@example.com
stefanie_ferrari1,pass123,stefanie_ferrari1@example.com
birgit_novak,pass123,birgit_novak@example.com
philipp_brunner1,pass123,philipp_brunner1@example.com
florian_baumgartner1,pass123,florian_baumgartner1@example.com
johannes_hofer,pass123,johannes_hofer@example.com
peter_wallner1,pass123,peter_wallner1@example.com
birgit_brenner,pass123,birgit_brenner@example.com
michael_schmid,pass123,michael_schmid@example.com
emma_hofbauer2,pass123,emma_hofbauer2@example.com
jonas_ricci,pass123,jonas_ricci@example.com
max_brenner1,pass123,max_brenner1@example.com
christian_schuster,pass123,christian_schuster@example.com
birgit_fischer2,pass123,birgit_fischer2@example.com
peter_santos,pass123,peter_santos@example.com
peter_schmid,pass123,peter_schmid@example.com
alexander_haas,pass123,alexander_haas@example.com
charlotte_ricci,pass123,charlotte_ricci@example.com
florian_moser,pass123,florian_moser@example.com
christina_brenner,pass123,christina_brenner@example.com
thomas_winkler1,pass123,thomas_winkler1@example.com
anna_wolf,pass123,anna_wolf@example.com
paul_braun,pass123,paul_braun@example.com
