Username,Password,Email
christina_lehner,pass123,christina_lehner@example.com
isabella_richter,pass123,isabella_richter@example.com
charlotte_williams,pass123,charlotte_williams@example.com
isabella_wieser,pass123,isabella_wieser@example.com
monika_berger,pass123,monika_berger@example.com
paul_reiter,pass123,paul_reiter@example.com
valentina_weber,pass123,valentina_weber@example.com
ivan_kovačić,pass123,ivan_kovačić@example.com
hyun_kim,pass123,hyun_kim@example.com
markus_kovacs,pass123,markus_kovacs@example.com
thomas_braun,pass123,thomas_braun@example.com
yasmin_el-said,pass123,yasmin_el-said@example.com
paul_novak,pass123,paul_novak@example.com
sabine_baumgartner,pass123,sabine_baumgartner@example.com
marija_novak,pass123,marija_novak@example.com
divya_kumar,pass123,divya_kumar@example.com
maria_kovacs,pass123,maria_kovacs@example.com
elisabeth_weber,pass123,elisabeth_weber@example.com
maximilian_novak,pass123,maximilian_novak@example.com
james_smith,pass123,james_smith@example.com
anna_schneider,pass123,anna_schneider@example.com
milan_stanković,pass123,milan_stanković@example.com
david_wallner,pass123,david_wallner@example.com
anna_silva,pass123,anna_silva@example.com
charlotte_brenner,pass123,charlotte_brenner@example.com
monika_schmidt,pass123,monika_schmidt@example.com
fatma_özdemir,pass123,fatma_özdemir@example.com
lucas_garcia,pass123,lucas_garcia@example.com
felix_fischer,pass123,felix_fischer@example.com
benjamin_santos,pass123,benjamin_santos@example.com
daniel_novak,pass123,daniel_novak@example.com
julia_ricci,pass123,julia_ricci@example.com
isabella_marino,pass123,isabella_marino@example.com
tobias_steiner,pass123,tobias_steiner@example.com
paul_meyer,pass123,paul_meyer@example.com
jakob_neumann,pass123,jakob_neumann@example.com
thomas_moser,pass123,thomas_moser@example.com
christian_eder,pass123,christian_eder@example.com
johannes_eder,pass123,johannes_eder@example.com
charlotte_huber,pass123,charlotte_huber@example.com
jakob_weber,pass123,jakob_weber@example.com
elisabeth_koch,pass123,elisabeth_koch@example.com
philipp_schwarz,pass123,philipp_schwarz@example.com
felix_lehner,pass123,felix_lehner@example.com
jakob_baumgartner,pass123,jakob_baumgartner@example.com
peter_fischer,pass123,peter_fischer@example.com
emma_müller,pass123,emma_müller@example.com
ji-woo_park,pass123,ji-woo_park@example.com
jonas_meyer,pass123,jonas_meyer@example.com
zeynep_koç,pass123,zeynep_koç@example.com
josip_horvat,pass123,josip_horvat@example.com
priya_patel,pass123,priya_patel@example.com
jonas_schwarz,pass123,jonas_schwarz@example.com
florian_schwarz,pass123,florian_schwarz@example.com
michael_steiner,pass123,michael_steiner@example.com
valentina_moser,pass123,valentina_moser@example.com
paul_huber,pass123,paul_huber@example.com
paul_mayer,pass123,paul_mayer@example.com
christina_winkler,pass123,christina_winkler@example.com
isabella_gruber,pass123,isabella_gruber@example.com
birgit_eder,pass123,birgit_eder@example.com
jonas_bauer,pass123,jonas_bauer@example.com
david_braun,pass123,david_braun@example.com
sabine_haas,pass123,sabine_haas@example.com
emma_ferrari,pass123,emma_ferrari@example.com
thomas_mayer,pass123,thomas_mayer@example.com
anna_berger,pass123,anna_berger@example.com
isabella_hofbauer,pass123,isabella_hofbauer@example.com
martin_haas,pass123,martin_haas@example.com
sophie_martin,pass123,sophie_martin@example.com
daniel_koch,pass123,daniel_koch@example.com
max_meyer,pass123,max_meyer@example.com
nikolaus_haas,pass123,nikolaus_haas@example.com
laura_santos,pass123,laura_santos@example.com
anna_schmidt,pass123,anna_schmidt@example.com
michael_schwarz,pass123,michael_schwarz@example.com
jin_zhang,pass123,jin_zhang@example.com
omar_khalil,pass123,omar_khalil@example.com
patrick_haas,pass123,patrick_haas@example.com
raj_sharma,pass123,raj_sharma@example.com
florian_meyer,pass123,florian_meyer@example.com
emma_koch,pass123,emma_koch@example.com
oliver_brown,pass123,oliver_brown@example.com
birgit_berger,pass123,birgit_berger@example.com
valentina_steiner,pass123,valentina_steiner@example.com
mei_chen,pass123,mei_chen@example.com
stefan_jovanović,pass123,stefan_jovanović@example.com
min_li,pass123,min_li@example.com
stefanie_martinez,pass123,stefanie_martinez@example.com
elisabeth_richter,pass123,elisabeth_richter@example.com
ahmed_hassan,pass123,ahmed_hassan@example.com
peter_winter,pass123,peter_winter@example.com
markus_braun,pass123,markus_braun@example.com
florian_kovacs,pass123,florian_kovacs@example.com
simon_silva,pass123,simon_silva@example.com
peter_lang,pass123,peter_lang@example.com
hannah_müller,pass123,hannah_müller@example.com
alexander_winkler,pass123,alexander_winkler@example.com
valentina_ferrari,pass123,valentina_ferrari@example.com
sebastian_hofer,pass123,sebastian_hofer@example.com
monika_huber,pass123,monika_huber@example.com
elena_dimitrov,pass123,elena_dimitrov@example.com
sophie_weber,pass123,sophie_weber@example.com
birgit_wolf,pass123,birgit_wolf@example.com
jakob_müller,pass123,jakob_müller@example.com
anna_müller,pass123,anna_müller@example.com
marie_santos,pass123,marie_santos@example.com
emma_johnson,pass123,emma_johnson@example.com
christina_marino,pass123,christina_marino@example.com
leila_mahmoud,pass123,leila_mahmoud@example.com
hannah_haas,pass123,hannah_haas@example.com
nina_petrović,pass123,nina_petrović@example.com
sophie_berger,pass123,sophie_berger@example.com
philipp_novak,pass123,philipp_novak@example.com
leo_wilson,pass123,leo_wilson@example.com
simon_reiter,pass123,simon_reiter@example.com
yuki_suzuki,pass123,yuki_suzuki@example.com
ana_popović,pass123,ana_popović@example.com
martin_huber,pass123,martin_huber@example.com
marie_fischer,pass123,marie_fischer@example.com
tobias_wagner,pass123,tobias_wagner@example.com
alice_davis,pass123,alice_davis@example.com
elisabeth_schneider,pass123,elisabeth_schneider@example.com
mehmet_çelik,pass123,mehmet_çelik@example.com
stefan_santos,pass123,stefan_santos@example.com
markus_neumann,pass123,markus_neumann@example.com
emma_meyer,pass123,emma_meyer@example.com
wei_wang,pass123,wei_wang@example.com
markus_eder,pass123,markus_eder@example.com
sarah_müller,pass123,sarah_müller@example.com
daniel_richter,pass123,daniel_richter@example.com
birgit_wagner,pass123,birgit_wagner@example.com
takashi_tanaka,pass123,takashi_tanaka@example.com
arjun_singh,pass123,arjun_singh@example.com
ali_yılmaz,pass123,ali_yılmaz@example.com
benjamin_wieser,pass123,benjamin_wieser@example.com
christina_haas,pass123,christina_haas@example.com
sabine_eder,pass123,sabine_eder@example.com
marie_wieser,pass123,marie_wieser@example.com
katharina_schmidt,pass123,katharina_schmidt@example.com
theresa_braun,pass123,theresa_braun@example.com
nina_maier,pass123,nina_maier@example.com
felix_lang,pass123,felix_lang@example.com
marie_koch,pass123,marie_koch@example.com
simon_neumann,pass123,simon_neumann@example.com
lukas_schneider,pass123,lukas_schneider@example.com
birgit_novak,pass123,birgit_novak@example.com
stefan_hofmann,pass123,stefan_hofmann@example.com
nikolaus_schwarz,pass123,nikolaus_schwarz@example.com
thomas_kovacs,pass123,thomas_kovacs@example.com
florian_wieser,pass123,florian_wieser@example.com
katharina_santos,pass123,katharina_santos@example.com
felix_ferrari,pass123,felix_ferrari@example.com
thomas_martinez,pass123,thomas_martinez@example.com
hannah_steiner,pass123,hannah_steiner@example.com
elisabeth_wieser,pass123,elisabeth_wieser@example.com
alexander_richter,pass123,alexander_richter@example.com
benjamin_wallner,pass123,benjamin_wallner@example.com
simon_hofer,pass123,simon_hofer@example.com
nikolaus_martinez,pass123,nikolaus_martinez@example.com
sarah_wallner,pass123,sarah_wallner@example.com
stefan_meyer,pass123,stefan_meyer@example.com
jakob_pichler,pass123,jakob_pichler@example.com
christina_hofer,pass123,christina_hofer@example.com
sophie_neumann,pass123,sophie_neumann@example.com
patrick_silva,pass123,patrick_silva@example.com
florian_berger,pass123,florian_berger@example.com
christian_silva,pass123,christian_silva@example.com
elisabeth_gruber,pass123,elisabeth_gruber@example.com
christina_zimmermann,pass123,christina_zimmermann@example.com
paul_novak1,pass123,paul_novak1@example.com
florian_wolf,pass123,florian_wolf@example.com
birgit_ferrari,pass123,birgit_ferrari@example.com
anna_neumann,pass123,anna_neumann@example.com
sophie_schmid,pass123,sophie_schmid@example.com
daniel_brenner,pass123,daniel_brenner@example.com
laura_ricci,pass123,laura_ricci@example.com
marie_winkler,pass123,marie_winkler@example.com
isabella_schuster,pass123,isabella_schuster@example.com
stefanie_meyer,pass123,stefanie_meyer@example.com
benjamin_brenner,pass123,benjamin_brenner@example.com
patrick_richter,pass123,patrick_richter@example.com
peter_haas,pass123,peter_haas@example.com
markus_hofmann,pass123,markus_hofmann@example.com
simon_santos,pass123,simon_santos@example.com
felix_reiter,pass123,felix_reiter@example.com
markus_winkler,pass123,markus_winkler@example.com
maximilian_hofbauer,pass123,maximilian_hofbauer@example.com
maria_schmid,pass123,maria_schmid@example.com
lukas_schneider1,pass123,lukas_schneider1@example.com
paul_hofmann,pass123,paul_hofmann@example.com
patrick_müller,pass123,patrick_müller@example.com
anna_reiter,pass123,anna_reiter@example.com
valentina_silva,pass123,valentina_silva@example.com
theresa_hofmann,pass123,theresa_hofmann@example.com
julia_gruber,pass123,julia_gruber@example.com
stefan_martinez,pass123,stefan_martinez@example.com
simon_müller,pass123,simon_müller@example.com
nikolaus_santos,pass123,nikolaus_santos@example.com
johannes_wolf,pass123,johannes_wolf@example.com
jakob_maier,pass123,jakob_maier@example.com
nina_hoffmann,pass123,nina_hoffmann@example.com
stefan_maier,pass123,stefan_maier@example.com
christian_hofmann,pass123,christian_hofmann@example.com
johannes_schuster,pass123,johannes_schuster@example.com
valentina_wallner,pass123,valentina_wallner@example.com
alexander_ricci,pass123,alexander_ricci@example.com
isabella_müller,pass123,isabella_müller@example.com
johannes_lang,pass123,johannes_lang@example.com
lena_meyer,pass123,lena_meyer@example.com
patrick_wieser,pass123,patrick_wieser@example.com
maria_brenner,pass123,maria_brenner@example.com
sabine_reiter,pass123,sabine_reiter@example.com
maria_mayer,pass123,maria_mayer@example.com
anna_braun,pass123,anna_braun@example.com
julia_schmidt,pass123,julia_schmidt@example.com
maria_mayer1,pass123,maria_mayer1@example.com
elisabeth_hofer,pass123,elisabeth_hofer@example.com
thomas_martinez1,pass123,thomas_martinez1@example.com
sarah_hofbauer,pass123,sarah_hofbauer@example.com
julia_hofer,pass123,julia_hofer@example.com
peter_huber,pass123,peter_huber@example.com
sarah_zimmermann,pass123,sarah_zimmermann@example.com
birgit_schmid,pass123,birgit_schmid@example.com
daniel_wieser,pass123,daniel_wieser@example.com
simon_mayer,pass123,simon_mayer@example.com
johannes_martinez,pass123,johannes_martinez@example.com
lukas_hofer,pass123,lukas_hofer@example.com
david_schuster,pass123,david_schuster@example.com
max_richter,pass123,max_richter@example.com
daniel_hofer,pass123,daniel_hofer@example.com
theresa_steiner,pass123,theresa_steiner@example.com
marie_wagner,pass123,marie_wagner@example.com
sebastian_eder,pass123,sebastian_eder@example.com
emma_haas,pass123,emma_haas@example.com
valentina_hofer,pass123,valentina_hofer@example.com
tobias_brenner,pass123,tobias_brenner@example.com
lena_moser,pass123,lena_moser@example.com
paul_mayer1,pass123,paul_mayer1@example.com
marie_winkler1,pass123,marie_winkler1@example.com
sabine_schneider,pass123,sabine_schneider@example.com
sarah_berger,pass123,sarah_berger@example.com
theresa_brenner,pass123,theresa_brenner@example.com
florian_wieser1,pass123,florian_wieser1@example.com
markus_hoffmann,pass123,markus_hoffmann@example.com
lena_hofbauer,pass123,lena_hofbauer@example.com
benjamin_baumgartner,pass123,benjamin_baumgartner@example.com
christian_schmidt,pass123,christian_schmidt@example.com
nikolaus_bauer,pass123,nikolaus_bauer@example.com
sarah_neumann,pass123,sarah_neumann@example.com
stefan_schwarz,pass123,stefan_schwarz@example.com
jonas_wieser,pass123,jonas_wieser@example.com
lena_fischer,pass123,lena_fischer@example.com
alexander_baumgartner,pass123,alexander_baumgartner@example.com
theresa_brenner1,pass123,theresa_brenner1@example.com
felix_wolf,pass123,felix_wolf@example.com
markus_haas,pass123,markus_haas@example.com
victoria_hofmann,pass123,victoria_hofmann@example.com
nina_schwarz,pass123,nina_schwarz@example.com
stefanie_berger,pass123,stefanie_berger@example.com
stefanie_wagner,pass123,stefanie_wagner@example.com
patrick_fischer,pass123,patrick_fischer@example.com
monika_baumgartner,pass123,monika_baumgartner@example.com
markus_brenner,pass123,markus_brenner@example.com
patrick_hofer,pass123,patrick_hofer@example.com
nikolaus_winkler,pass123,nikolaus_winkler@example.com
sebastian_brenner,pass123,sebastian_brenner@example.com
florian_ricci,pass123,florian_ricci@example.com
hannah_silva,pass123,hannah_silva@example.com
anna_schuster,pass123,anna_schuster@example.com
max_martinez,pass123,max_martinez@example.com
michael_wagner,pass123,michael_wagner@example.com
stefanie_hofer,pass123,stefanie_hofer@example.com
florian_brunner,pass123,florian_brunner@example.com
alexander_brunner,pass123,alexander_brunner@example.com
lukas_braun,pass123,lukas_braun@example.com
maria_lehner,pass123,maria_lehner@example.com
julia_winkler,pass123,julia_winkler@example.com
sophie_winter,pass123,sophie_winter@example.com
elisabeth_richter1,pass123,elisabeth_richter1@example.com
andreas_schmidt,pass123,andreas_schmidt@example.com
patrick_maier,pass123,patrick_maier@example.com
stefanie_schmidt,pass123,stefanie_schmidt@example.com
johannes_schmidt,pass123,johannes_schmidt@example.com
nina_gruber,pass123,nina_gruber@example.com
lena_braun,pass123,lena_braun@example.com
marie_pichler,pass123,marie_pichler@example.com
michael_neumann,pass123,michael_neumann@example.com
christian_gruber,pass123,christian_gruber@example.com
sebastian_neumann,pass123,sebastian_neumann@example.com
julia_baumgartner,pass123,julia_baumgartner@example.com
julia_müller,pass123,julia_müller@example.com
max_gruber,pass123,max_gruber@example.com
hannah_braun,pass123,hannah_braun@example.com
paul_moser,pass123,paul_moser@example.com
theresa_schmidt,pass123,theresa_schmidt@example.com
stefan_lang,pass123,stefan_lang@example.com
daniel_wolf,pass123,daniel_wolf@example.com
simon_lang,pass123,simon_lang@example.com
julia_bauer,pass123,julia_bauer@example.com
florian_schwarz1,pass123,florian_schwarz1@example.com
sebastian_marino,pass123,sebastian_marino@example.com
valentina_fischer,pass123,valentina_fischer@example.com
simon_gruber,pass123,simon_gruber@example.com
sabine_hofmann,pass123,sabine_hofmann@example.com
isabella_brunner,pass123,isabella_brunner@example.com
florian_pichler,pass123,florian_pichler@example.com
florian_martinez,pass123,florian_martinez@example.com
stefan_silva,pass123,stefan_silva@example.com
maximilian_schuster,pass123,maximilian_schuster@example.com
johannes_wolf1,pass123,johannes_wolf1@example.com
valentina_eder,pass123,valentina_eder@example.com
theresa_lang,pass123,theresa_lang@example.com
stefanie_schmid,pass123,stefanie_schmid@example.com
emma_hofbauer,pass123,emma_hofbauer@example.com
emma_schmidt,pass123,emma_schmidt@example.com
andreas_bauer,pass123,andreas_bauer@example.com
sebastian_hofmann,pass123,sebastian_hofmann@example.com
michael_maier,pass123,michael_maier@example.com
sebastian_fischer,pass123,sebastian_fischer@example.com
birgit_zimmermann,pass123,birgit_zimmermann@example.com
johannes_maier,pass123,johannes_maier@example.com
florian_fischer,pass123,florian_fischer@example.com
laura_schneider,pass123,laura_schneider@example.com
nina_martinez,pass123,nina_martinez@example.com
lukas_reiter,pass123,lukas_reiter@example.com
katharina_steiner,pass123,katharina_steiner@example.com
hannah_fischer,pass123,hannah_fischer@example.com
valentina_wallner1,pass123,valentina_wallner1@example.com
philipp_mayer,pass123,philipp_mayer@example.com
theresa_huber,pass123,theresa_huber@example.com
markus_wallner,pass123,markus_wallner@example.com
katharina_marino,pass123,katharina_marino@example.com
michael_lang,pass123,michael_lang@example.com
sophie_marino,pass123,sophie_marino@example.com
florian_bauer,pass123,florian_bauer@example.com
sophie_eder,pass123,sophie_eder@example.com
birgit_fischer,pass123,birgit_fischer@example.com
andreas_winkler,pass123,andreas_winkler@example.com
christian_moser,pass123,christian_moser@example.com
maria_wagner,pass123,maria_wagner@example.com
martin_wagner,pass123,martin_wagner@example.com
stefan_wagner,pass123,stefan_wagner@example.com
philipp_eder,pass123,philipp_eder@example.com
theresa_huber1,pass123,theresa_huber1@example.com
hannah_maier,pass123,hannah_maier@example.com
jonas_mayer,pass123,jonas_mayer@example.com
isabella_hoffmann,pass123,isabella_hoffmann@example.com
stefan_hofmann1,pass123,stefan_hofmann1@example.com
david_wolf,pass123,david_wolf@example.com
benjamin_eder,pass123,benjamin_eder@example.com
max_ricci,pass123,max_ricci@example.com
paul_zimmermann,pass123,paul_zimmermann@example.com
sophie_martinez,pass123,sophie_martinez@example.com
michael_wallner,pass123,michael_wallner@example.com
florian_steiner,pass123,florian_steiner@example.com
michael_brunner,pass123,michael_brunner@example.com
alexander_mayer,pass123,alexander_mayer@example.com
theresa_gruber,pass123,theresa_gruber@example.com
jonas_schmidt,pass123,jonas_schmidt@example.com
emma_berger,pass123,emma_berger@example.com
emma_huber,pass123,emma_huber@example.com
patrick_steiner,pass123,patrick_steiner@example.com
marie_bauer,pass123,marie_bauer@example.com
theresa_schmidt1,pass123,theresa_schmidt1@example.com
maximilian_wallner,pass123,maximilian_wallner@example.com
monika_martinez,pass123,monika_martinez@example.com
sarah_lang,pass123,sarah_lang@example.com
sabine_hoffmann,pass123,sabine_hoffmann@example.com
jakob_baumgartner1,pass123,jakob_baumgartner1@example.com
alexander_pichler,pass123,alexander_pichler@example.com
andreas_kovacs,pass123,andreas_kovacs@example.com
stefan_steiner,pass123,stefan_steiner@example.com
victoria_hofbauer,pass123,victoria_hofbauer@example.com
maria_brunner,pass123,maria_brunner@example.com
jonas_pichler,pass123,jonas_pichler@example.com
sophie_maier,pass123,sophie_maier@example.com
sophie_schmidt,pass123,sophie_schmidt@example.com
charlotte_schmidt,pass123,charlotte_schmidt@example.com
andreas_wolf,pass123,andreas_wolf@example.com
felix_haas,pass123,felix_haas@example.com
sophie_berger1,pass123,sophie_berger1@example.com
benjamin_marino,pass123,benjamin_marino@example.com
jakob_lehner,pass123,jakob_lehner@example.com
hannah_reiter,pass123,hannah_reiter@example.com
philipp_koch,pass123,philipp_koch@example.com
markus_mayer,pass123,markus_mayer@example.com
sabine_huber,pass123,sabine_huber@example.com
sabine_gruber,pass123,sabine_gruber@example.com
nina_pichler,pass123,nina_pichler@example.com
benjamin_winter,pass123,benjamin_winter@example.com
theresa_fischer,pass123,theresa_fischer@example.com
tobias_mayer,pass123,tobias_mayer@example.com
philipp_ferrari,pass123,philipp_ferrari@example.com
martin_martinez,pass123,martin_martinez@example.com
hannah_huber,pass123,hannah_huber@example.com
sabine_fischer,pass123,sabine_fischer@example.com
birgit_reiter,pass123,birgit_reiter@example.com
philipp_baumgartner,pass123,philipp_baumgartner@example.com
martin_schmid,pass123,martin_schmid@example.com
lena_brunner,pass123,lena_brunner@example.com
benjamin_brunner,pass123,benjamin_brunner@example.com
tobias_lang,pass123,tobias_lang@example.com
julia_novak,pass123,julia_novak@example.com
theresa_braun1,pass123,theresa_braun1@example.com
sophie_huber,pass123,sophie_huber@example.com
lukas_bauer,pass123,lukas_bauer@example.com
sabine_ricci,pass123,sabine_ricci@example.com
andreas_brenner,pass123,andreas_brenner@example.com
sophie_hofbauer,pass123,sophie_hofbauer@example.com
martin_wolf,pass123,martin_wolf@example.com
sarah_zimmermann1,pass123,sarah_zimmermann1@example.com
felix_ricci,pass123,felix_ricci@example.com
christian_mayer,pass123,christian_mayer@example.com
sophie_pichler,pass123,sophie_pichler@example.com
elisabeth_mayer,pass123,elisabeth_mayer@example.com
tobias_braun,pass123,tobias_braun@example.com
elisabeth_wolf,pass123,elisabeth_wolf@example.com
lena_ferrari,pass123,lena_ferrari@example.com
jonas_hofmann,pass123,jonas_hofmann@example.com
christian_martinez,pass123,christian_martinez@example.com
benjamin_schuster,pass123,benjamin_schuster@example.com
hannah_steiner1,pass123,hannah_steiner1@example.com
maria_brenner1,pass123,maria_brenner1@example.com
isabella_brenner,pass123,isabella_brenner@example.com
patrick_richter1,pass123,patrick_richter1@example.com
sebastian_bauer,pass123,sebastian_bauer@example.com
thomas_silva,pass123,thomas_silva@example.com
benjamin_fischer,pass123,benjamin_fischer@example.com
nina_mayer,pass123,nina_mayer@example.com
stefanie_wagner1,pass123,stefanie_wagner1@example.com
philipp_wallner,pass123,philipp_wallner@example.com
anna_marino,pass123,anna_marino@example.com
katharina_hoffmann,pass123,katharina_hoffmann@example.com
thomas_reiter,pass123,thomas_reiter@example.com
theresa_winkler,pass123,theresa_winkler@example.com
florian_schmidt,pass123,florian_schmidt@example.com
michael_kovacs,pass123,michael_kovacs@example.com
maximilian_kovacs,pass123,maximilian_kovacs@example.com
sabine_lehner,pass123,sabine_lehner@example.com
christian_müller,pass123,christian_müller@example.com
stefan_steiner1,pass123,stefan_steiner1@example.com
maximilian_bauer,pass123,maximilian_bauer@example.com
julia_eder,pass123,julia_eder@example.com
thomas_schmidt,pass123,thomas_schmidt@example.com
johannes_schneider,pass123,johannes_schneider@example.com
florian_wallner,pass123,florian_wallner@example.com
jonas_berger,pass123,jonas_berger@example.com
sophie_hoffmann,pass123,sophie_hoffmann@example.com
sophie_novak,pass123,sophie_novak@example.com
jakob_kovacs,pass123,jakob_kovacs@example.com
sarah_schuster,pass123,sarah_schuster@example.com
elisabeth_zimmermann,pass123,elisabeth_zimmermann@example.com
max_baumgartner,pass123,max_baumgartner@example.com
tobias_berger,pass123,tobias_berger@example.com
martin_wallner,pass123,martin_wallner@example.com
benjamin_lang,pass123,benjamin_lang@example.com
christian_wieser,pass123,christian_wieser@example.com
charlotte_haas,pass123,charlotte_haas@example.com
lena_maier,pass123,lena_maier@example.com
andreas_bauer1,pass123,andreas_bauer1@example.com
max_kovacs,pass123,max_kovacs@example.com
birgit_berger1,pass123,birgit_berger1@example.com
sabine_meyer,pass123,sabine_meyer@example.com
benjamin_zimmermann,pass123,benjamin_zimmermann@example.com
philipp_steiner,pass123,philipp_steiner@example.com
alexander_silva,pass123,alexander_silva@example.com
markus_ricci,pass123,markus_ricci@example.com
andreas_steiner,pass123,andreas_steiner@example.com
sarah_gruber,pass123,sarah_gruber@example.com
isabella_eder,pass123,isabella_eder@example.com
julia_ricci1,pass123,julia_ricci1@example.com
martin_pichler,pass123,martin_pichler@example.com
philipp_eder1,pass123,philipp_eder1@example.com
sarah_ricci,pass123,sarah_ricci@example.com
martin_maier,pass123,martin_maier@example.com
christina_braun,pass123,christina_braun@example.com
julia_brenner,pass123,julia_brenner@example.com
daniel_brenner1,pass123,daniel_brenner1@example.com
valentina_berger,pass123,valentina_berger@example.com
patrick_winter,pass123,patrick_winter@example.com
emma_santos,pass123,emma_santos@example.com
charlotte_maier,pass123,charlotte_maier@example.com
isabella_bauer,pass123,isabella_bauer@example.com
valentina_kovacs,pass123,valentina_kovacs@example.com
maximilian_wagner,pass123,maximilian_wagner@example.com
stefan_neumann,pass123,stefan_neumann@example.com
laura_koch,pass123,laura_koch@example.com
charlotte_schwarz,pass123,charlotte_schwarz@example.com
peter_schneider,pass123,peter_schneider@example.com
simon_haas,pass123,simon_haas@example.com
johannes_braun,pass123,johannes_braun@example.com
maximilian_winter,pass123,maximilian_winter@example.com
johannes_fischer,pass123,johannes_fischer@example.com
alexander_lang,pass123,alexander_lang@example.com
felix_steiner,pass123,felix_steiner@example.com
emma_schneider,pass123,emma_schneider@example.com
anna_martinez,pass123,anna_martinez@example.com
michael_maier1,pass123,michael_maier1@example.com
sarah_marino,pass123,sarah_marino@example.com
